lemma,wordforms
Ehre,"Ehr,Ehren,Ehrn,Ehre,ehr,ere,Ehꝛe,Ehꝛen,Ehꝛ,Ehꝛn,Ehrẽ,Ehere,Eheren,Ehrin,Ehr',Ehr’,Eer,eer,Eren,aͤhre,Ehres,aire,̑Ehre,Ēhrĕ,Ēhrĕn,Aehrē,erre,eeren,EHREN,Eeren,Ehre‘,Erre,EHre,Ehr(en),eehꝛe,Eehꝛe,eehre,äre,Ehrene,Ehrnn,Ehrē"
Jahr,"Jahres,Jahren,Jahr,Jar,Jahrs,Jahre,Jahꝛ,jahre,jahr,jahren,jaren,Jare,Jares,Jars,Jhar,Jaren,Jahꝛes,Jahꝛen,Jahꝛe,Jahrn,Jahꝛs,jahrs,jar,Jahrß,jahres,Johr,Jahrẽ,jare,JAHRES,jares,jahꝛ,jhar,jars,verjahren,Jahr',Jahrl,Jahr’,Jahr's,jahꝛes,jahrẽ,yaren,iaren,Jjar,Jaare,jâren,verjohren,jaaren,JAHR,Iahre,Jars’,Jair,JAHRE,jaar,jâr,Iahres,Iahren,Iahr,Jahr|,Jahrer,Jahrren,Johren,johre,jahrn,Jaͤhrs,Jaherren,jahrẽ,johr,iahre,iahren,iahr,iahres,Jahré,Jahren‘,Jaher,JAR,Jahrē,Verjahren,verjaren,jahꝛe,Jahr;,Johre,Jarre,jahr’,Jareh,J[ahren],J[ahre],J[ahre,J[ahres],J[ahr],J[ahrs],Jahre[n,Jahre〉,jahrē,Jharen,Jáhren,Jahre;,Iars,Jahreß,Jahre|,Jahrern,Jahr’n,Jahra,iares,hjahr,Jahrr,jharen,Iohr,Juhre,Jarres,jarres,JAHREN,JAhr,Jarē,jahꝛen,jarre,johra,jahrh,johren"
nähren,"nehren,genehret,Genaͤhret,naͤhren,nerren,nehre,nehrte,naͤhret,nehreten,nehꝛen,nehret,Nehret,genaͤhret,naͤhrt,geneeret,nehrete,nert,nehrẽ,vernnehren,Naͤhret,neeren,genaͤhrt,naͤhrſt,Naͤhrt,genährt,nährte,nährten,nährt,nähren,Nehrend,nähre,naͤhrten,naͤhre,genehrt,naͤhrete,naͤrꝛen,Nährten,nährst,Neren,Nehr,Nehrt’,Nähren,nähret,nähr',nehrt,nehreſt,nehr,nehrn,naͤhr,naer,närt,nären,Nährt,nährend,naͤhrte,naͤhreſt,naͤhr’t,Naͤhr’t,naͤr’ſt,Naͤhrte,naͤr’t,Genaͤhrt,Naͤhren,genaͤrrt,nehrē,naͤhrend,naͤhrn,nährest,Nährt',naͤret,naͤren,naͤrren,genaͤrret,naͤhꝛt,nährtet,nährſt,Genährt,genähret,nehrten,nehrſt,genaͤrt,naͤrt,NERT,neren,Nerth,nehrteſt,nehrtet,Naͤhrt’,nä́hrt,nährt',genaͤret,nähreſt,nehr’t,nehr’n,Nehrt,neeret,naͤrrt,nährtest,Nähret,naert,genæhrt,næhren,næhrt,nnert,Neeren,nähr’"
mehr,"mehr,Mehr,mehres,mihr,mehꝛ,mer,Mehꝛ,meher,mehro,Mihr,Mair,mer’,Mer,Meher,mehero,Mehres,mêr,MEhr,Merr,mḗhr,mĕr,mēhr,mĕhr,mehr’,Mehr’,Meehr,mmer,merr,mehr,,mehr;,mèr,mehr‘,merh,mér,Mær,Meerr,Mehrr,m̃ehr,mair,Meerꝛ"
wohl,"wol,wohl,Wol,wolſt,woll,Wohl,wolEr,wolſtu,WohlEhr,Wol=,woler,Woll,WolEhr,WOl,Wolſt,Wolſtu,woller,wohler,allzuwol,obwolen,wohlen,wohln,wöhlen,woͤhlen,wōl,wōhl,wŏhl,wṓl,wól,wóhl,wohlſten,Wuhl,WOhl,wohlsten,wohle,wohll,woͤhl,wola,wohl’,wol’,wolſten,wolst,Wohll,Woͤhl,wo[l,wolsten,Wool,Wohles,wohl',wol',wuhl,woͤhler,wooll,Wohlſt,Woler,woͤhlſten,wolstu,wollerer,WOll,Wohlern,woł,Wohl',wol(,woͤhle,Wooller,wolſts,woles,wolhl"
lehren,"gelehret,lehrt,lehren,lehret,lehreſt,gelehrt,lehrten,lehrets,gelaͤhret,lehr,Lehret,geleret,gelaͤhrt,lehrete,lehreten,Gelehrt,lehꝛen,gelehꝛet,gelehꝛt,Lehꝛt,lehꝛet,lehrte,lehrteſt,Lehꝛet,Gelehret,leret,lehꝛ,lehꝛe,Lehreſt,Laert,lehꝛt,lert,lehꝛete,lehrent,gelert,lehrter,Gelert,Lehrt,lehrẽ,lehꝛn,lehꝛten,Laêrt,lehrſt,verlert,lehrend,lehrē,Lehreſtu,lehreſtu,lehrts,verlehrt,lehr',lehrtest,lehrst,Laird,lēhrte,lēhrt,lehr’,lehrt’,verlehren,laͤrt,Lehrte,lehr’t,gelehr’t,Laërt,lehre;,lehrén,laͤhret,lehrn,LEHRET,Laërte,lehrest,gelaͤrt,laͤhrt,lerte,gelaͤert,lehr’t),lehrtet,LAERT,gelehrt;,gelehrtd,Lehrten,lehꝛẽ,lehret’,Laerte,Lehren,lerten,Lehrſt,gelehet,Lehrts,Lehrt’,lehrt’s,LEhret,GElehret,Lehrete,Lehrert,lehr’n,lereſt,gelerth,lehꝛte,lehrẽ,Lehrt',lahren,lärt,gelerht,glehrt,lehrſtu,laͤhrete,laͤhrte,Lehrets,lehren;,lihr,gällert,Lehrend,loͤhren,lehrten's,laͤhren,lehrt’ſt"
nehmen,"nehme,nehmen,nimpt,nim,genommen,nemen,neme,nimmet,nahmen,nahm,nimbt,genom̃en,nimb,nam,nimbſt,nimmt,nimm’t,niempt,nimt,nehmet,nihmt,Nehmets,Nehmet,nehmt,nim̃t,nim̃ſt,Nehmen,nehm,Nemt,Nehmt,genohmmen,nim̃,Nim̃t,Genommen,Nemet,Nim,nemmen,genommẽ,nimm,nemet,nimmeſt,niemb,Niemb,ñehmen,Nimmeſtu,nehmẽ,nembt,nimmſt,Nimbt,Nimmet,Naͤhme,nahmeſt,genohmen,nihmet,nehmn,genom̄en,Nimpt,Genohmmen,nahmb,nemẽ,nihmmet,genom̃n,genomen,Nemen,Nehme,naͤhme,nim̃et,Nimbſtu,nahmn,namſt,Nimt,Nihmt,Nemmen,namb,genum̃en,genummen,nehmeſt,gnommen,genommn,nimet,nimbſtu,nimme,nem̃en,nem̃eſt,genomben,nehmben,nahmet,Nimb,nemmeſt,nimſtu,namet,nemme,nimmeſtu,nimſt,nemmet,Neme,genomẽ,Nemmet,genommeñ,Nimmt,nehm',Naͤhmen,nemt,genommmen,nahmſt,naͤhmt,namt,nimmst,Nimmſtu,nimmſtu,nehm’,Nehm,Nimm,uehmen,nähme,nehmend,nähmen,nahmt,Nimmst,nahmest,vergenommen,nah’m,nimms,nehm’t,Nehmeſtu,nemeſt,Nimmſt,naͤhm,Nimm',Nimms,naͤhmſt,g'nommen,nähm',nähmſt,nähm,nehmē,naͤhmen,nehmets,nehmẽ,Nimſtu,Nehmeht,Nim̃,Nehmts,naͤmen,genommens,nem̃e,nehmest,nimbst,nehmst,nahmst,Nemme,genohm̃en,nahm̃,nehm̃t,nihm̃t,vernahme,Nähme,Nehm',nāhm,nīmm,nimest,nim̄,nameſt,Genomen,genomm̃en,naͤhm’,naͤme,nem’t,nam̃,nympt,nym,nahmẽ,naͤhmeſt,naͤhmet,néhmen,néhmẽ,néhme,nim̄t,Nim̃et,neh-men,nähmest,nihmſt,Nimbſt,nim̃eſt,Nem̃et,nim̃ſtu,NJm,Nähm,Nahmſt,neh­men,nahm;,nimm',naͤhm',Nehm't,nimmb,zernommen,nim̃b,Naͤmen,Naͤhmt,naͤhmens,nahm’,genomm’n,Nim̃ſt,NEhmt,nehm`,nem̅en,nem̅e,genom̅en,nehmſte,Nehm’,Nähm’n,nähm’n,nim̃e,nihmen,genommen;,Nahmt,nähm’,Nehm’t,Nähmſt,nehmts,nehmt’,nuͤmmt,nuͤmmet,nuͤmt,nuͤmm,niembd,nümmt,nümmet,nümm,nehmeſtu,nim’t,nimt’,Nemb’t,nehmen;,nymbt,niembt,nimm’ſt,namſet,NEhmet,nahm',nehmſtu,Nimſt,Nahmeſt,nam’,NJmm,nim̃s,nimm̃,NJmmt,nehmste,Nehm’n,zernahm,zernahmen,zernahmſt,zernahmt,nahmts,zernehmeſt,zernehmet,nehmſt,zernehmt,zernehmts,zernimmſt,g'nómmen,genoͤmmen,nehmee,Nam̃,Nehmt’,Naͤhm,Nähmen,naͤhm’t,nim̃’t,Nem’t,Nimme,Nimmeſt,genõmen,nehmiſt,Nym,neemen,Nameſt,Namb,Nimm’,Nemeen,nambſet,nemmend,nahmert,genum̄en,nehme’,Németh,nimm’,genomm[e]n,nähmst,nohm,nähmt,NJmme,NJmb,nimst,nehmt’s,genumm'n,nähmeſt,nähmet,genommẽ,genomemn,nemẽ,Nim̃s,nehmeten,nem̄en,nembe,näme,Namſt,NJmſtu,genom̃ẽ,nihmſtu,Nim̄t,Nähmt,nímm,nähmens,nahm̄,Nemend,nämmä,ním,nůmmet,nuͤm,nuͤm̃t,nüm̃t,nuͤm̃et,nüm"
Sohn,"Sohn,Soͤhne,Sohnes,Soͤhnen,Sohns,Sohne,SOHN,Söhne,ſoͤhnen,ſohn,SOhn,Soͤhngen,Soͤne,Sone,Sons,Soͤhnes,ſoͤnen,ſohnes,Soͤnen,Sönen,Soͤhn',Söhnen,ſohns,Sun,sone,sohn,Sōhn,Sȫhne,sun,Söhn',Soͤhn’,ſun,Sohner,sohnes,Verſohners,ſoͤne,ſone,verſohen,Sohn’s,ſohen,Son',ſoͤnne,Söne,ſöhnen,söhnen,Verſohner,Sahns,Sohnnes,Sohn’,Sohns;,Soͤhnẽ,sönne,Söhngen,Sohn‛,Sœhne,Verſon,soͤhnen,Sohn',Sohn's"
ohne,"ohne,one,ohn,Ohne,on,ohnedas,Ohn,One,ohn’,ohner,ane,OHne,ohn',ohnen,Ohn’,ohnē,ōhne,ōhnĕ,Ohn',Ōhnĕ,Ane,ohne;,oͤhne,Onne,Zerone,Oone,Ohnen,Oné,oné,ōne"
sehr,"ſehr,Sehr,ſer,ſehre,SEhr,Sehꝛ,ſehꝛ,Ser,ſehꝛe,ſere,sehr,ſehrs,ser,sere,sehre,ſerr,ſehr',sehr’,sär,Sehre,Sere,ſeeehr,ſehr’,Sair,ſaͤhr,sähr,Serr,Sähr,ſähr"
wahr,"wahr,wahrem,wahre,wahren,warem,Wahrer,Wahren,wahrer,waar,waarer,waare,Wahr,warer,wahres,Wahre,wares,wahꝛẽ,warEr,Wahres,wahꝛe,wahꝛ,wahꝛem,wahꝛen,wahꝛer,wahrẽ,waher,Warem,wahꝛes,wahrſten,wahr’,wahreꝛ,wahrẽ,wahrē,wahresten,wahrs,Waar,wahrsten,wǟre,wāhrĕ,wǟrĕ,wāhre,wahr',Wahrn,wahrſte,allerwahrſte,Wohre,wåhꝛe,wåhre,wahrere,wahreren,wahrste,Wahrſten,wáhren,waꝛe,Wahrste,wahero,Wahrerem,WAhren,wahreres,Wahrſte,Wahrsten,allerwahreſten,Wahrere,wahrern,Wahrſtes,wahreſte,wahreſten,wahrſtes,wāres,Wahreſte,wahrst,Wahrem,wahr's,waͤhres,wahreſter,Warſten,wohre,Wahreren,wahrſter,wahrestem,wahr[s,wahreste,wahr’s,Wahreres,wahrerer,Wahreste,wahr;,wahr‘"
Lehre,"Lehr,Lehre,Lehren,lehre,laͤhren,Lere,lerre,Lehꝛe,Lehꝛ,Lehꝛen,Lehrẽ,leren,LEhre,laͤhre,laͤre,Löhren,Laire,LEHRE,Laͤhre,Lehr’,Lehre’,laͤere,Lehr',Lehre‛,Lehres,Lehré,LAIRE,Leeræ,Lehr’n,Lehre;,Leh-re,Leren,läre,LEHREN"
fahren,"fahr,fahren,gefahren,fuhr,Fahr,fahre,fahrend,faͤhret,faͤhrt,fahr’,fůhrn,fehret,fůhren,Fahre,fahrn,fuhren,fuhret,fahreſt,gefahꝛen,fehꝛet,fuhꝛet,fahꝛen,fehꝛt,Ferdt,fahꝛn,Faͤhrt,fahrt,faͤhꝛet,fahrẽ,gefaren,Faͤrſt,fahꝛ,gefahrn,fehrt,Fuhr,fehreſt,fahret,faͤhꝛt,fare,fahꝛe,faren,furſt,Fahret,faͤhrſt,Fuhrſt,gefahrẽ,faͤhreſt,gefaͤhren,Verd,fährt,fuhrt,fuhꝛ,Fährt,Fuͦrst,fahrent,Fuhrt,fahrendt,Vaͤrt,fuar,Fährſt,fährſt,gefahrẽ,faͤhrſtu,gefehren,fahr',farend,furen,fuhrẽ,Faͤhret,fährst,fůhret,Fůhret,fůhrt,gfahrn,fuhrn,gfahren,fähret,fáren,Făhr,Fährst,Fahr',gefaͤhrn,fuhꝛen,fuhreſt,FUhr,färt,ferd,Verth,vúr,vuor,vuoren,gefarn,faͤhr’ſt,fuhrſt,Fahrend,fara,fâra,fârên,fâren,furꝛ,faͤhreſtu,fahꝛẽ,fuor,verd,fährest,Fare,fåhret,fůhreſt,fährts,fahr't,faͤret,g’fahren,Faͤhrd,fuhrest,Fahr’,fuur,faͤrt,phar,Faͤhreſt,Furen,furst,faͤhrts,Faͤhrſt,FAhr’,FAhr,vährt,fahrſt,fahrts,Vuur,fará,fähreſt,far’,fahrst,fůren,fůhr,faͤhr’t,Faͤhr’t,gefahr’n,fahr’n,Fahreſt,fabren,fuͦr,fareſt,furẽ,geſahren,faͤrſt,Fahres,vur,ferth,g’fahr’n,fahreſtu,g’fahrn,fehren,fahr's,faehrt,fehrſt,fahꝛent,fehreſtu,fāhrt,Faahre,fůhret’,fůrſt,furꝛen"
fühlen,"fuͤhlen,fuͤhleten,gefuͤhlet,fuͤhle,fuͤhl,fuͤhlet,fuͤhlte,fuͤlete,fuͤhlete,fuͤhlt,gefuͤlet,fühleten,Fuͤhle,fuͤhlets,gefühlet,Fuͤhleſt,Fuͤhlet,fuͤhleſt,fühlen,fůhlen,fuͤlet,fuͤle,fühlet,fühlets,gefület,Fuͤhlt,Gefuͤhlt,gefuͤhlt,Fuͤhlſt,fuͤhlſt,fuͤhl’,fuͤhln,fühlte,fühlt,gefühlt,fühlten,fühle,Fühlen,fühlſt,fühl,Fühle,Fühlt,fühltest,fuͤhltẽ,Fühlst,Fuͤhlen,Fühl’,fühl’,fühlteſt,fühlt’,Fühl,Fühlte,Fühlſt,fuͤhleſtu,Fuͤhl,verfuhle,fühl',fühlt',fühlend,fühleſt,fühlts,geſuͤhlet,fuhlen,fuͤhletet,fühlete,fühlest,fühlst,fuhlten,Fühl',fǖhle,Fühlt',fuͤhlt’,fuͤhlend,fuhlt,fuhlte,fuͤhlten,fuͤl’t,Fuͤl’t,fuͤleſt,Fuͤhl’,Gefuͤhlet,fuͤhlteſt,fuͤlt,fuͤhlt',gefuͤlt,fuͤhl',fülten,gefült,Gefuͤld,fuͤhlẽ,fuͤhleteſt,Gefühlt,Fuͤhlt',Fuͤhl',fuͤlte,fůhleten,füld,Fuͤhlt’,fühltet,Fühlet,Fühlten,fühl’t,Fühl’t,fuͤhlst,fuͤhl’t,fuͤlten,fuͤhlẽ,Fuͤhlten,Fuͤhlte,gefuhlt,fuͤhl’n,fuͤhlſtu,fuͤhlteſtu,fuͤhltet,fuͤhlts,fuͤhltſt,fuhlteſt,fuhltet,fülte,füle,fült,fuͤhlten’s,Fihle,Fuͤhltet,fuͤhltet’s,gefuͤhl’t,Fuͤhl’t,fuͤhl’ſt,Fühlend,fuͤhltens,Fuͤhlend,fuͤhltest,Gefuͤlet,fuhlet,füehl,fuͤhlet’,Fuͤhlſtu,Fuͤhlts,fuhle,fuele,fuelen,Fühlt’,verfuͤhlete,fůhl’"
wohnen,"wohnen,wohnet,wohneten,wohnend,wohne,wohneſt,wont,Wohnet,wohnete,wohnẽ,wohnte,wohnt,Wohne,Wohn,wonen,wohnſt,wonet,wohn,wone,wohnne,wonete,wonend,wohns,woneten,Wohnt,wohnt',wohnteſt,wohnt’,wohnten,Wone,Wohnend,Wohneſt,wohnẽ,wohnst,wonendt,wohn',wōhnt,wōhnĕn,wonend',wohnest,wonent,wohnetẽ,Wohnete,wohnte;,wuhnen,wohn’,wohntest,wohnent,wo’n,Wohnſt,Wohnst,wohntet,wohn’t,wuhne,wohnẽd,Wohnt',woohne,woͤhnet,wonte,wonten,wonſt,Wohnt’,Wohnten,Wohnte,Wohneten,woͤhnt,wohntẽ,wohnet;,woneſt,Wohn',won’t,woͤhnete,Wohntet,wohnigen"
Uhr,"vhr,Vhr,Vhrn,Uhr,Uhren,uhr,vhren,Vhren,UHR,vhrn,vher,Uhrn,Vr,vhꝛ,Vhꝛ,uor,Vhꝛen,vhꝛen,uhren,vr,Urh,urr,Vher,uren,Vhraͤhn,uhrgen,U[hr],U[hr,VR,úar,uoꝛ,Vhre,Vrh,Uhrr,Uhꝛ,Uhr(,Uhrẽ"
führen,"gefuͤhret,fuͤhret,fuͤhren,fuͤhrten,gefuͤhrt,fuͤhr,fuͤhrſt,fuͤhre,fuͤhrt,fuͤhrteſt,fuͤhrets,fuͤhrte,Fuͤhrte,fuͤhrete,Fuͤhret,Fuͤhrete,ſuͤhren,gefůhret,fuͤhr’t,gefuhret,führet,fuͤhreten,fuͤhrn,fuͤhrſtu,fuͤhreſtu,ſuͤhret,fuͤhreſt,fuͤhr’ſt,fuhrten,Fuͤhrt,fuͤhrẽ,gefuͤrt,fuͤren,fuhrte,führen,geführet,fuͤhꝛen,gefühꝛet,gefuͤhꝛet,fuͤhꝛet,gefuͤret,Fuͤhr,fuͤhr’,fuͤhretẽ,fuͤre,fuͤhꝛe,fuͤret,fuͤhꝛts,geſuͤhꝛt,fuͤhꝛete,geſühret,fuͤrte,fuͤrt,führete,gfuͤhrt,gefürt,füren,Gefuͤhrt,Fuͤhrſt,Gefuͤhret,fuͤhrt’,fuͤhrteſtu,fuͤhrend,geführt,führte,führten,führt,führe,fuͤhꝛte,gefuͤhꝛt,fuͤhrtens,führend,führſt,führst,Führt,Führte,führ’,führ,führ’ſt,führeſt,Geführt,Fuͤhreſtu,fuͤhr',Fuͤhrten,gefoͤhrt,fuͤhrts,führteſt,führtet,Führ',fuͤhrē,fuͤhretẽ,fürd,Führet,geſuͤhret,Fuͤrten,führeten,führest,gefüert,füeren,gfüert,fueret,gefyrt,foͤhrt,fůhrete,fůhreten,gefůhrt,fuͤhrtn,fůhrten,fuͤhr’n,Fürt,Führt',vürhte,füeret,führ',führt',gefüeret,fǖhrtĕ,Führe,fuͤrteſt,fürt,gefueret,Fuhrte,Fuͤhr’,ſühren,vergeführt,gefuͤhr’t,Fuͤhrt’,Führ,fyrd,fůert,fuͤeren,Fuͤerenndt,fuhreten,fuͤhꝛẽ,gefũhret,fuͤhretet,fuͤhrtete,sühren,Fuͤhreſt,Fuͤhre,fuͤhrte;,Fuͤhr',fuͤhrt',fuͤrete,Fuͤhrend,Führſt,fuͤhrtet,fuͤhret’,führtest,ſuͤhrten,Fyrth,fuͤhren;,führt’,fuerte,Fuerte,Fuerre,führ’t,fuert,fuͤhren’,füre,fuͤhrē,fuͤhrẽ,Fuͤrt,fuhrend,fühern,gefuͤhert,fuͤhrtſt,fuͤhrt’s,Vueren,fuͤrẽ,füret,fürte,fü[h]r’,geſuͤhrt,fuͤhꝛẽ,Fuͤhreten,Führten,geführt;,Führt’,fuͤhreteſt,fuͤhrtẽ,führt's,füheren,fuͤhꝛt,fuͤhrten;,g’führt,fůhrte,fuͤern̄,fürhte,gefuhrt,Füret,Führst,fuͤhꝛten,Vuere,Führend,fuͤhretē,Fuͤhrt',fuͤher,fyhrten,Fuͤrthe,Führete,vüré,führten’s,führter,fuͤhrent,fũhreten,Fuerth,führet’,fuͤhrt’ſt"
Zahl,"zahl,Zahl,zall,Tſal,Zahlen,zaal,Zaal,Zall,Zahlen:,zallen,Zalen,Zahl’n,tzahl,Zahel,ZAhl,Czal,Zahlẽ,ZahL,Zohlen,Zahlen;,Zapplen,tzall,Zahlen‘,Zahl;,tzal,Zahl's,Zahln,zahll"
wehren,"wehret,Wehret,wehren,gewehret,wehrte,wehrten,wehrt,wehre,wereſtu,wehrets,wehr,wehreſt,gewehrt,wehꝛe,wehꝛen,wehrn,Wehrt,gewehꝛet,geweret,Wehren,wehꝛet,wehꝛt,Wehrten,Wehrſt,Wehrte,wehꝛte,wehꝛets,wehꝛete,wehr’,wehr',wehreten,wehrtet,gwehret,wēhren,Wehr’t,gewehr’t,wehr’t,wéhren,wéhre,wéhrend,wehrẽ,zerwehre,Wehrt’,wehrt’,wehrt',gewehꝛt,wehrſt,wehrteſt,Gewehrt,wehr’n,wehrtẽ,wehereſt,wehrigen,wehren‘,wehrē,Wehr’ſt,vergewehret,Gewehret,wehrẽ"
rühren,"ruͤhret,geruͤhrt,Ruͤhret,ruͤhrt,ruͤhr’t,ruͤhrte,ruͤhren,ruͤhrten,ruͤret,geruͤhret,ruͤhre,ruͤren,geruͤret,rühꝛet,ruͤhr,rührt,ruͤhꝛet,ruͤhrets,rühret,ruͤrete,ruͤhrete,rüren,Ruͤhrt,ruͤhꝛen,ruͤhrn,ruͤhrteſtu,Rühre,gerührt,rührte,rührten,rührend,rühren,Rührt,Gerührt,geruͤrt,g’rührt,rühr’n,rührſt,rühre,gerühret,Ruͤhre,Ruͤhr,rühr',ruͤhreten,Rührte,geruhrt,Rührend,Ruert,gerůhret,růhrt,rührteſt,rühr,Rühret,riehrt,růhren,ruͤhrend,rürt,ruͤhr',Geruͤhrt,ruͤr’ten,geruͤhr’t,ruͤhreſt,Geruͤhret,ruͤhrt’,ruͤhrſt,Ruͤhreſt,ruͤhret’,Rühr,Rühr',geruhret,gerůhrt,ruhret,ruͤhrteſt,rührtest,ruͤhrẽ,ruͤhrts,růhrete,ruͤrte,růhret,ruhrt,ruͤre,rür,ruͤhrt's,ruͤhrt',Ruͤhrſt,Ruͤhr',ruͤhrs,rührs,růhre,rührst,ruͤhrtes,Ruͤhrend,ruͤhr’,Rührst,rühr’,Rühr’,rühr’t,ruͤuͤrt,rüürt,rühra,Ruͤren,ruͤrt,ruͤhr’n,ruͤhris,ruͤhrtet,rürend,Ruͤhrte,ruͤhꝛte,rührete,ruhrete,Ruͤhrten,ruͤrn̄,rüre,ruͤhꝛe,ꝛuͤhren,ruhrte,ruhren,rihrete,rihren,rührets,rührtet,rühreten,ruhre,rühreſt,Rührten,ruͤhrther,ruͤhres,ruͤr,ruͤhꝛs,ruͤhrt’ſt"
Lohn,"Lohn,lohn,Lowen,Lohne,Lohns,Lohnes,lohnes,lohneſ,lon,loon,loͤnnen,lohns,lôn,Lowene,Löhne,Löhnen,Löhns,lönnen,Loͤhne,lones,Lohn’s,Lohn’,Luhn,Lo͝hn,Loͤhna,Lohna,Loon,Lohn',lohn’s,Loͤhnen,loͤñen,loenen,Lõwẽ,lohn's,verlohns"
kühl,"kuͤhlen,kuͤlen,Kuͤlſtern,Kuͤlen,Kuͤhl,kuͤhle,kuͤhler,kuͤhl,kuͤles,kuͤhles,kuͤlſtern,kuͤle,Kuͤhle,kühle,kühl,kühlen,kühler,kühlsten,Kühle,kühlem,kühles,kuͤhlem,kuͤhleſten,Kuͤhli,Küle,Külen,Kyll,kühlere,Kühl,kühleren,küelen,kühlerer,kühleres,külen,kühlſten,kuͤl,Kuͤl,kuͤhl’,Kuͤhles,Kuͤhlen,kuͤhlere,kuͤhleres,kuͤhleren,kůhler,kuͤhlſte,kuͤhlſten,Kühlen,kühlste,Kühls,küll,Kühles,erkuͤhlen,Kuͤllen,Chyl,kuͤlem,chyl,kühlerem,kuͤhlerm,kuͤhlẽ,kuͤhleſte,kuͤhlerer,kuͤhlſtem,kühlſte,Kuͤhlere,kuhler,kühl’gen,Kuͤll,kuͤhlerem,Kuͤhlem,Cyll,kühlſter,kuͤel,kuͤhleñ,Cyl,cuele,Kyhl,Kühlſtes,kuͤeler"
Bahn,"bahn,Bahn,ban,Baan,Bahnen,baṅ,Bāhn,banen,baan,Bahnh,Baͤhnen,BAhnen,Bahnen(,BAhn"
Ohr,"Ohren,Ohr,Ohre,ohren,ohꝛen,Ohꝛ,Ohꝛen,ohr,oren,oher,Ohꝛn,Ohres,Ohrn,Ohrs,orn,ohr’n,Orr,Orrr,orr,Or’,ooren,Ohrẽ,Oohren,Ooren,Ohres;,OHr,Ohrẽ,Orn,Oor,Ohr’,oꝛen,ohꝛ,orenn,ohrẽ,Oreen,Ohr',Ohrs;,ôren,Orh,ohr’"
Zahn,"Zeene,Zaͤhne,Zahn,zeenen,Zaͤhnen,zen,Zaͤne,Zeenen,zaͤne,Zaͤhn,zenen,Zähne,Zähnen,Zahne,Zan,Zahnes,Zen,zaͤhne,zan,zene,Zänen,Zäne,Zähn,tšaṅ,tsan,Zahns,Zähngen,zähne,zänen,Zaͤnen,Zaͤhngen,Zaͤhnẽ,zaͤnen,ZAehne,Zaan,Zaͤhne;,Zann,zennen,Zahn’s,Tſan,zaan,Zahn's,ženě,tzeen,zeene,zeenẽ,Zaͤenen,tzan,Zaehnen,Zene,Zah#,Zæhnen,tšene"
währen,"wehrete,waͤhre,waͤhren,waͤhret,waͤhrt,waͤhrete,waͤrete,Waͤhre,währet,waͤhr,Waͤhr,währte,währen,währt,woͤhren,Währt,waͤhrte,währten,währ###,woͤhrt,Woͤhret,woͤhret,woͤhre,waͤhrn,währe,waͤhreten,Währte,währ,waͤhret’,Waͤhrt,Waͤhrte,waͤhrt’,waͤhrten,Währ,waͤhreſtu,waͤhꝛe,waͤhrẽ,waͤhreſt,waͤhꝛen,Waͤhrſtu,waͤhrts,waͤhrſtu,währete,währt’,wärete,waͤhrſt,Waͤhret,Wär`,währt’s,woͤhrete,Wöhrte,waͤhrets,waͤhrteſt,währt's,waͤhrt's,Währete,Währet,wä[r,waͤhꝛet,währeten,Wöhrdte,Woͤhrdte,waͤhr’,Waͤhrete"
Ruhm,"ruhm,Ruhm,Ruhmb,rhum,Ruhms,Ruhmes,Ruhme,ruhms,Rhums,ruhmes,ruhmer,ruhmb,Rhum,Ruhmbs,ruhm’,rhums,Ruhm’,Ruͤhms,ruhme,Rūhm,ruhem,Ruh-me,ruhmbs,Ruhmer,Růhme,Ruhm’s,ꝛuhm,Rnhm,růhme"
zehn,"zehen,Zehen,zehn,tzen,Zehn,TZEN,zeen,Zeen,zehnen,tzẽ,Zehnen,Zehne,Zän,zehne,Zihn,Džeṅ,zän,Zén,Zaͤn,Zehn¬,Tſëhn,Zeh’n,Zeen;,ZEN,tſen,ZEhn,Zen**,zaͤn,Zaͤen,verzehn,tzehn,ZEHN,dzaͤn,Zaͤnn"
kühn,"Kuͤhn,kuͤhnen,Kuͤhnens,kuͤhn,kuͤhne,Kuͤhne,Kuͤhner,kuͤnſt,Cuͤnen,Cünen,Cuͤn,kuͤn,kuͤhner,kuͤhnes,kuͤhnſte,kuͤhnem,kühnen,kühne,kühnes,kühn,kühnsten,kühnſten,kühnere,Kühnſten,kühneren,kühnste,kühner,Kuhn,Kuehn,kühnſter,kühnerer,kühnem,kühnſte,Kühne,Kühn,küngen,kuͤhneſten,Kuͤhnen,Kühne's,küenen,küene,Kühnen,Kün,kůhn,kůhne,kůhnen,Kühner,kǖhnĕ,kǖenĕr,kǖhnĕn,Kühneres,kiehnster,Kühnes,Chynae,chynae,kuͤhnern,kuͤhnere,kuͤhnerer,kühnſtes,Kühnſte,kühnerem,küéner,kuͤhnſten,Ckyn,kuͤhneꝛn,Kuͤhnſte,Kuͤhnere,Kühnsten,Kühnste,Cyneæ,kuͤnen,kuͤhneren,Kyhnen,Kyhn,kühnern,allerkuͤhnſten,kuͤhneſte,kuͤhn’,künn'n,allerkühnsten,Kuͤhneres,kuͤhnres,kuhn,Kühneren,kuͤne,kuͤhnerem,kühnster,Kuͤen,kuͤhnste,KüHN,Kuͤne,Kuͤhnes,Kuͤhnſtes,kuhner,kuͤnſt’,kuͤhns,Kühne’s,kün,Chuͤn,Kühnere,küener,Kuͤhnre,Kuͤhnſten,Kuͤhneren,kühneres,kühnre,kuͤhnstes,küne,küner,künen,Küne,kuͤhneſter,kuͤhnſter,kuͤnn’n,Kyn,Cyn,kuͤnes,kůhner,Cynne,kuͤnem,Kühns,kühenen,Kühnés,kuhnen,verkuͤn,Kuͤner,kuͤhnerm,Kuͤn,kyün,kühnstes,kühnerern,Kühnerer,allerkuͤhnſte,allerkühnste,kuͤhneres,kuͤhnre,kuͤhnrer,kuhne,Kynnes,kuͤner,Kuͤener"
Buhle,"Buhlen,Buhle,Buhler,Buhla,Buler,Bulgen,buhler,Búhlen,buler,Bohlem,Buhlẽ,Buhlere,bullen"
Mohr,"Moren,Mohren,Mohr,Mohꝛen,Moohren,mohr,Mahr,mohre,mahren,Mohre,Morren,mpor,Mohr’n,Mohrens,mohren,moren,Mohrẽ,Morr,Moꝛen,Mohrn"
kehren,"kehret,kehren,kehrte,kehre,kehrete,gekehret,kehrt,gekeret,kehꝛen,kehꝛet,kehr,keret,Kehret,gekehꝛet,keren,kere,kerret,kehꝛe,kaͤren,kert,gekehrt,Kehrſtu,kehrſt,Kehrt,kehrten,kehꝛte,Kehrte,kehꝛten,kehrend,Kaͤrren,kehr’,kehrtet,Kere,Kehreſtu,kehrt',Kehr,kehr',kehrē,kehrets,kehreten,kèhr,kehrteſt,kehreſt,kehrts,kêre,Caere,Cäre,Kairen,Cère,kehrst,kḗhrt,kēhrt,ker,Kēhrt,Chert,kerten,keert,kéhren,kehrt’,Kehren,Kehr’t,Gekehrt,Kehrete,kehꝛete,kehretẽ,Kehrſt,cheren,Cere,kerete,kehrn,cere,kaire,zerkehre,Kehre,certae,Kehreten,gekehr’t,kehr’t,chert,kaͤhrt,gekert,Cert,kehrẽ,Chaͤreen,Kehrten,kêren,gekerrt,Kehrt',Kehrest,kehrest,kaͤrꝛen,Kaͤrꝛen,kehri,Kehrt’,Kerth,kehr’n,kehrẽ,Kehrts,Kehreſt,Kehrend,kehꝛẽ,kêr,kehrē,Caͤre,kehrtest,Céré,Cereen,kerte,Kärren,kehrtens,Caire,keheret,Kehrst,kerꝛt,gekeeret,kerta,Caird,certæ,kehret’,Cære,kehreteſt,Cêré,Kehr',kehreter,keere,kereſt,kaͤrꝛe,kêrt,kaͤhren,kaͤhrte,gekaͤhret,kaͤhrete,kaͤhrt’,zerkerht"
Stahl,"Stahl,Stahles,Staal,Stal,Stahle,ſtal,Sthal,Stahls,stal,Stählen,Stahels,Stahl(,Stale,Stähle,Stals,Staͤhlen,Stahl’s,Staͤhlgen,ſtaal,ſtals,Stahl’,Sttal,Staͤhelin,Staͤhle,Staehelin,Stähelin,STAHL,STÆHELIN,STAEHELIN,STAEHLIN,Schtall,Stahll,Stahler,Staͤhlene,stâl"
fehlen,"fehlet,fehlen,fehlte,fehlete,fehlets,gefehlet,gefehlt,Fehlt,gefelt,Feldt,felt,fehlt,fehle,feldt,gfelt,fehlts,faͤhlen,fellt,Fellt,gefaͤhlet,gefellt,gefaͤlt,veld,fehleſt,fehln,faͤhlt,Felht,Fehlte,Fehlten,fehlten,fehlend,fehlst,fehlſt,fehleten,velt,Gfelt,fehlestu,Vellten,fehlt',fehltest,faͤhlet,Felten,gfehlt,Vellt,geſehlt,felten,ſehlt,fel’t,gefel’t,gefelet,Gefel’t,fel’t’,fehlet’,Fehlt’,fehlt’,Fehlts,Fehlen,felld,fehlẽ,geſehlet,felt',Gefehlt,fehlteſt,feldte,Vaͤlten,felete,fählen,fehlteſtu,fehle‘,zerfelt,gefaͤhlt,fehl’t,gefehl’t,gefählet,felte,fehlten;,velten,fehltet,fehltſt,faͤlten,FaͤLLt,Fehl’t,fehl’n,fehLt,Felſt,Felt,g’fehlt,fehlē,Veldt,fehlte;,Fehleten,fählet,faͤhleſt,faͤhle,Veldten,fehlt;,Fehleſt,fehlen;,Faͤld"
Ahn,"Ahn,obanes,Ahns,Ahn’,Ahen,anes,Ahn'"
Ahne,"Angen,Ahnen,ANNEN,Ahne,Aehne,Ahnes,ânes,anes"
Stuhl,"Stul,Stuhle,Stuhl,Stuͤle,Stule,Stuͤlen,ſtull,Sthul,Stuele,ſtul,ſtuͤhlen,Stuͤhlen,ſtuͤlen,ſtůl,Stůl,Stuͤele,Stuͤhle,Stuhls,Stühlen,Stühle,Stuhles,Stuͦl,Stuls,Stull,ſtuͤhle,ſtuhl,ſtuhls,ſtuͤhl,ſtuls,ſtuͤle,ſtuhle,Stühlens,Stüle,Stühl,Stuͤhl’,Stual,Stuͤhl,ſtules,ſtule,Stuͤlgen,Stohl,Stules,Stühl',ſtuelen,ſtuele,stul,Stülen,Stuol,Stuͤelen,Stühler"
lahm,"lahmen,Lahmen,lahme,lahm,lam,lahmer,verlahmen,lahmes,lahmem,lāhm,Lahme,Lahm,lamer,allerlahmſten,Lahmer,Lahmes,lahmſte,lahmſten,lahms,lahmeſten,verlahme"
Pfuhl,"Pful,Pfuhl,Pfule,Pfulgen,Pfuhles,Pfuhlen,Pfuhls,Pfuhle,Pfulen,Pfuhlin,Pfuhll,Pfuls,Pfúl"
Mühle,"Muͤhl,Muͤhle,muͤhlen,Muͤhlen,Mühle,Mühlen,Muͤlen,Mühl,muͤhle,mylen,myllen,Mühler,Mühle’s,Muhlen,Mylae,Muͤle,muhlen,Můhle,Muhle,muͤlen,muͤle,müle,muelen,Muelen,Muͤhlen;,Muͤhl',Myle,myle,Mylæ,muelle,mühle,Muelle,Moͤhlen,Mylen,Muͤhlin,Muͤhlẽ,muͤhl’,muͤhl"
Rohr,"Rohr,Rohrin,Rohꝛ,Rohre,Rohren,Rohrn,rohres,Rohrs,Rohres,rohrs,ROHR,Roͤhres,Roͤhrs,Obrohr,Roren,Rohrẽ"
Pfühl,"Pfuͤhle,Pfuͤl,Pfuͤle,Pfüle,Pfuͤhln,Pfuͤel,Pfuels,Pfuelen,pfuͤle,Pfühlen,Pfühl,Pfuͤhl,Pfühle,pfuͤhl,Pfuͤele,Pfuͤhls,Pfuͤlen,pfuel,Pfuͤhlen,Pfühles,pfuͤl,Pfuele,Pfuel’,Pfülen,pfuͤlen"
Hohn,"Hohn,Hohne,Hohns,Hohnes,Hoṅs,Hōhn,Hȫhn,Honn,honn,Hons,hohne,Hohn',hoon"
Kohl,"kol,Kohl,Coll,Kohl’,Kool,Chol,kōl,chol,Kol,Kohel,Koͤhl,Kohles,Kohls,koͤl,coll,Koll,Koͤl,COLL,KOHL,CHOLLS,Köhl[,kool,KOhl,Kolh,koll,Köhl,Köl,Kols,Kolhs,Koͤhls"
hehr,"hehre,Herrer,hehr,HERRER,Hehr,hehres,hehren,hehrſte,Hehrſte,hehrem,hehrer,hehrsten,hehrere,verhehren,hehrste,Hehres,hehreꝛ,heher,haͤhreſt,haͤhrſt,hoͤhreren,héhr,Hehre,Hehrer,Heraͤer,heerer,herem"
Wahn,"Wahn,Wahne,wahn,wahner,wahne,wahns,wahnen,Wahns,Wahnes,Wahner,Waṅ,wǟhne,Wahnen,wahnes,verwahen,Wohns,Wahnſ"
Pfahl,"Pfahl,Pfal,pfal,Pfahle,Pfaͤhlen,Pfähle,Pfaͤlen,Pfäle,Pfälen,Pfaͤle,Pfählen,Pfahles,Pfaͤhle,Pfale,Pfahls,pfahl,pfahle,pfale,pfales,Pfaͤhlgen,Pfals,pfall,Pfahlen,Pfahler,Pfahlers,pfahls"
Kehle,"Kehle,Kehlen,Kaͤhle,Cellen,Kele,Kaͤhlen,Keelen,Kehl’,Kaͤlen,kellen,Kehl',Kela,cellen,Kehlgen,kaͤlen,kêlen,Kähle,Kählen,Kihlen,Kelen,kaͤhlen"
Wahl,"Wahl,wahl,Wahlen,walen,waalen,wahlen,Wahlin,Wahlen‘,obwahl,wahlin"
Strahl,"Strahlen,Stralen,Strahl,Strahls,Strahel,Straalen,Strall,Stral,Strales,ſtrahl,Strahles,stralen,Strāhlĕn,Strāhl,Straln,Strahlles,Strálen,Strals,Strahl’,Stꝛalen,Stralẽ,ſtralẽ,strahl,Stralẽ,ſtraalen,Stra(h)l,Strahl(en),Stꝛahlen,Strahl’n,Strahlen;,STRAHLEN,Strahln,Strahlẽ"
wahren,"wahren,wahreſt,wahrt,wahret,wahr’t,wahꝛen,wahreſtu,wareſtu,Wahr,Wareſtu,Waher,Wahrt,wahrſt,wahr’ſt,wahrde,wahrend,wahrten,wahrtn,wahrte,Wahren,Wahrten,Wahrend,warend,wahrẽ,wåhren,wahꝛẽ,wahrden,wahrt’,wahrets,Wahrete,wahrst,Warendt,Wahrhtit,Waar,Wahr[,Wahret,wahrete,Wahrte,wáhrend,Wahr’,wāreſtu,Wahr',wahrd"
Fahne,"Fahne,Fahnen,Fahnẽ,Fahn’,fahnen,fahne,Fahn',Fanen,FAhnen,Vanen,fahnẽ,fanen,Fahni,Fahnes,vanen,Fuhne,Vahne,Phanaͤ,Fanne,fanne"
Hahn,"Hahn,Hahnen,Hann,Hahnẽ,Hahns,Hähne,Haͤhne,hahn,hån,Hahne,hân,Hahnes,hâ'n,Hähnen,Haͤhnen,Haͤhn,hann,Hane,Hañ,Hahnens,Haͤnen,Hehn,hahnen,hanes,Hahn’s,HAHN,hanns,Hähn',Haͤhnern,HAHNENS,verhan,han',haͤnen"
mahnen,"Mahnet,mahnet,mahnen,mahnt,mahnte,Mante,Mahnt,Mahnte,manen,mahnten,mahnete,Maanen,mahnſt,mahnts,mahnst,mahne,Mahne,Mahnten,manten,mahn,Maand,Mahnſt,maͤhnt,mahneten,Manteen,mahneſt,mahnteſt,mahntet,mahntſt,Mahnend,Mahnete,Mandt,mahn',Manthe,MANT,mânt,mânen,mahnd,mahnden"
Kohle,"Kohlen,kolen,Kolen,Kole,Kohle,chole,Chole,Kohln,Kohlē,Koͤhle,choleæ,Köhle,Kolle,Kohli,kole,kolle,Koole,koole,Kohlẽ"
Muhme,"Muhmen,Muhme,Muhm,muhme,muhmen,Muͤhmgen,Muhmgen,Muhm',Muhm’,Muͤhme,muͤhmgen"
Bahre,"Bahre,Baare,Bahren,Baaren,bahre,Baͤhre"
dehnen,"dehn,Dehn,dehnen,gedaͤhnet,gedoͤhnet,denten,doͤhnt,dehnet,dehnte,dehnt,gedehnt,Dehnt,dehnten,Dehnet,dehnend,dehnteſt,tehn,denſt,daͤhnet,dehne,Dehnte,gedennt,Dehnten,dentet,gedehnet,gedehn’t,Gedehnt,dend,doͤhnete,dehneten,dehnete,Daͤhne,dehneſt,denet,dehnt',dehnſt,denete,dähnte,daͤhnt,Dehnen,dehntet,dehnts,dehntſt,Dehne,Denſt,DENTEN,dent’,dehnt’,dehnst,daͤnte,dentée,gedoͤhnt,Daͤhnete,Daͤhnet,gedaͤhnt,dehn’,Dehneten,verdehnt’,gedenet"
Zähre,"Zaͤhren,zaͤhren,Zeeren,zaͤhꝛen,Zaͤhrgen,Zaͤhꝛen,Zähren,Zaͤhr,Zähre,Zaͤhre,Zaͤren,zaͤren,zähre,Zaͤhr’,Zaͤhr',Zaehr,zähren,Zaͤhrẽ,zaͤhrgen,zaͤhre"
Mahl,"Mahle,Mahls,Maͤhler,Maͤhlern,Mähler,maͤhler,maͤhlér"
stehlen,"ſtehlen,geſtohlen,ſtehle,geſtolen,ſtahl,ſtiehlt,Stehl,ſtahlen,Gestolen,gestohlen,stehlen,ſtehlt,Stiehlt,ſtehln,ſtiehlſt,verſtehlen,Geſtohlen,ſtehl,g'ſtohlen,Stehle,ſtehlet,ſtoͤhle,ſtelet,geſtohlē,geſtoln,geſtölen,ſtöhle,geſtolẽ,verſtahl,stahlen,stehlt,stahl,stiehlt,stahelen,Stalen,ſtahle,ſtiehlet,stehlend,stāhl,ſtehl’,ſtiehl,ſtiehleſt,ſtehlẽ,ſtelt’,ſtalen,ſtahleſt,stehlen‘,ſtalt,ſtehleten,Stahlen,gestolen,verſtahlt,Stiehl,ſtoͤhlen,geſtohln,ſtahl’t,stehl,stehle,Gestohlen,geſtohl’n,ſtahlt,verſtahlen,ſtahlens,verſtahleſt,ſtahlet,ſtahlſt,verſtahlſt,ſtehleſt,ſtehlts,stiehlt's,ſtahl’n,geſtohlẽ,ſtehlend,stiehl,stahlt,geſtoln̄,stalt,Stahlst,Stahln,ſtahlern,gſtohlen,stahlenen,stahle,Stehlts"
Mähre,"Maͤhren,Maͤhꝛen,Maͤhre,Mähre,Maͤhrgen,Mährgen,Mährin,Maͤhrẽ,Maͤhrn"
hohl,"hohlen,hohl,holes,hohle,Hohle,hohler,hohlem,hohles,Hohles,hohl’,holer,hohleſt,holem,hohlſten,Hohler,hohln,hohl',hohlens,hohls,Holſte,hohlſte,hohligen,ho̱hler,hohlste,hoͤhlere,hoͤlere,hohleſte,hohlern,Holste,Hohlere,holicht"
zehren,"zehret,zehr,zehren,zeeren,zer,zehrt,gezehrt,zehrte,zehrſt,zeren,zehre,zehrten,zehrt’,zaͤhret,zeer,zehretẽ,Zaͤre,gezehret,zeré,zehern,zaͤre,zerten,z.E.er,Zehrte,zehrete,zehrend,zehreſt,zehrteſt,zehrtet,zehrt’s,Zehren,zeꝛ,zerzehren,zerzert,zehers,zehr',zere,zehr’n,zerzehret,zeheren,Zehret,zêren"
Bohle,"Bohle,Bohles,Bohlen,Böhla,Böhle"
ahnen,"ahnte,ahnet,geahnet,ahne,anthen,ahn,anthet,ahnen,ANNEN,ANnen,ant,Añen,angen,Antee,geahnt,andten,ahnt,ahnete,ahnten,géant,ahnde,Ahndeſt,ahnſt,ahneſt,an’t,gahnd,Geant,Anten,Géant,ahndt,ahnest,ahnst,ahnt',anten,Ahnſt,Ahnt,Aanen,Ahnte,ahnet’s,ahneten,ahn’,andt,ahntet,angẽ,aneth,Ahnt’,andte,ahnts,Ahnten,Anthen,Geahnt,ahnteſt,ahnt’,anth,Ahnet,Ahnter,Ahntes,Ahntet,Ahnts,Anſt,annten,Anteſt,annteſt,Antet,Geahnet,ahnet's,Ahnert,ahnet',ahnets,Ahnet',ahn',ahnt's,ànt,ahndte,geannnt,Antheen,geant,Anst,#hne,ahntest,Ahnen,ahntete,antegen,anſt"
Mehl,"Mehl,Mel,mel,Mehls,Mehle,Mehles,Mihl,Maͤhlen,Meels,Mehl=,Meeles,Maͤhle,meles,mehls,meels,mihleſ,Mählen,Melnn,Meehl,Maͤhls,mels,Mel’,Melen"
Lehne,"Lehnen,Lehne,Laͤhnen,Lehn',Lehene,Lehn’"
ihn,"ihn,Ihn,jhn,hn"
Ähre,"Aehren,Aehre,aͤhren,Ähren,Ähre,aͤhrene,Aeren,Ären,aͤren,aeren,æhere,ähren,Aehrẽ,Aehr’"
mahlen,"mahla,mohlt,mahlteſt,mahleſt,gemahlen,Mahlten,gemalen,mahlẽ,mahleten,mahlend,mahl’,mahlt’,mahlẽ,Gemahlen,mahl',allzumahlen,mahlt',Gemaͤhlen,mahl’t,mahlts,mahltens,mahltet,mahltſt,gemal[en],mahlst,mahl’ſt,mahlin,Gemählen,Mahlt',mahlgen"
stöhnen,"ſtoͤhnen,geſtoͤnet,ſtoͤhne,ſtoͤhnt,ſtoͤhnet,ſtoͤnen,ſtöhnte,ſtöhnten,ſtöhnſt,Stöhnt,ſtöhnt,ſtöhnen,Stöhnend,stöhnen,stöhnte,gestönet,verſtohn,stöhnt,ſtöhnts,stöhne,ſtoͤhnt’,ſtöhnteſt,ſtoͤnet,stöhnete,ſtöhnet,geſtöhnt,Stöhnet,gestöhnt,stöhnten,stoͤhnte,Geſtoͤhnt,ſtoͤhnte,ſtöhne,ſtoͤhnten,ſtoͤhnteſt,Stoͤhne,Stoͤnen,verstöhnt,stoͤhnt,ſtöhnt's,ſtoͤhneſt,ſtoͤhnt',Stoͤhnet,Stöhnte,ſtöhnt’s"
gehl,"Gehlerin,Gehlers,gehligen,gaͤhlen,gelest,Gehlens,gehler,gehehlen,gehelen,gehehlẽ,geelen,gehl,geelem,geeler,gehle,Gehler,Gehleri,gehlen,Gehle,gelern"
Kahn,"Kahn,Kahne,Kähnen,Kahnes,kahn,Kähne,Kaͤhne,Káhn,Kaͤhnen,Cahns,Kahns,kan’s,Kahn',kaͤhnen,Kaehnes,Kahnis,kahne,kähnen,KAhn,kanes,Kaͤngen"
wühlen,"gewuͤhlet,gewuͤhlt,wuͤhle,wuͤlet,wuͤhlen,wuͤhlet,wühlte,wühlen,wühlten,wühlt,gewühlt,wühl’,Wühlt,wühlet,wühlend,wühle,wühlſt,wuhlet,wuhlen,wuelen,wuhlete,wǖhlt,wühl',wuͤhlt,wült,Wühle,wuͤhlten,wuͤlen,wuͤl’te,wuͤhlend,Wuͤhlt,Wuͤhlt’,wühlt’,wühlt',wühltet,wuͤhlte,Wühlt',wuͤhln,wuͤhleſt,Wuͤhlet,wuͤhlete,wuͤhlẽ,Wühl’,wuͤle,wuͤleſt,wuͤlſt,wůhlend,wuͤlt,Wuͤhlſt,wuͤhleten,wuͤlte,Wülen,wuellen,wühlete,wuͤhlt’,wuͤhlteſt,wuͤl,wuͤltu,wül,wuͤltſtu,wuͤltſt"
fahl,"fahl,Fahl,fahlen,fahles,fahlem,fahle,Fahler,fahler,Phaleres,Fahle,Fahles,Phalereer,Faͤhleren,Phaleren,fahlste,falem,faͤhleren,Fahlern,ſåhler"
Bühne,"buͤhnen,Bühne,Bühn',Bühnen,Buͤhne,Buͤhn,buͤhne,Buͤnen,Buͤhnen,Buͤhn;,Buͤhn’,bynen,buͤhn,Buͤne,Bynen,Buͤna,Bühn,bühne"
Ruhr,"Ruhr,ruhr,Rur,růhr,růhrs,rur,Ruhre,Ruhr;,Růhr,ruhꝛ,Ruhꝛ"
zahm,"zahme,zahmen,Zame,zahm,zahmes,Zahmen,zammen,Zahmes,zahmer,zamen,zameres,Zahme,zam,Zahm,zahmſten,zahmſte,czamen,zahmem,zahmeren,allerzahmſte,zahm’,zam̃en,Zahmer,zames,zame,zahmeſten,Zames,zamer,zahmsten,zam’,zahmere,zahmers,zahms,tſamen,allerzahmeſte,zamem,zahmern,ZAhme"
kahl,"kale,kahl,kalen,kahle,kahles,Kahle,kahlen,Kahler,kallen,kahler,Kawélé,kalé,kahlem,Kahlen,kahlſte,Kahl,Cahla,kaal,Kahlens,kahlsten,call,kaalen,Kahles,kahleſten,kahleres,Callen,kalern,Kalenh,kahlſten,kahlern,Kaal"
Lehm,"lem,Lehm,Lemb,Lehmen,Lem,Lehem,lehem,Lehms,Lehmes,lehm,Löhme,LEMM,Leem,Lehme,Lehmer,verlehmen,Läm,LEM"
prahlen,"pralen,prahlet,prahlen,geprahlet,prahlt,prahlte,prahlſt,prahle,pralet,prahleten,prahlten,prahlt’,pralete,pralt,geprahlt,gepralet,Prahle,praleten,Prahlt,prahlend,prahlete,prahl’,prahltet,pralend,prahl,pralten,prale,praleſtu,praleſt,Pralt,verprahlt,verprale,verpralen,verpraleſt,verpralet,pralſt,verpralſt,verpralt,verpralte,verpralten,verpraltens,pralteſt,verpralteſt,praltet,verpraltet,praltſt,verpraltſt,verprahlte,prahlst,Prahlſt,Prale,pral’t,praln,Prahlet,prahlt',prahl’t,Prahlend,prahlteſt,prahleſt,prahlts,prahlest,pralt’"
Sühne,"Suͤhne,Sühne,Sühnen,Sünen,Suhne,Suͤhnen"
Rahm,"Rohm,Rahme,Rahm,rams,Rahms,Rahmes,Roͤhm,Rambs,Rohms"
Strähl,"Strael,Strähl,Strehl"
bohren,"bohren,bohre,Bordten,Bohre,bohrte,bohrt,gebohrt,bohrend,bohr,borſt,böhren,bohrten,bohret,boren,gebort,borst,bohrete,Bohrt,gebohret,boret,Bohrend,Bohrte,borten,gebohꝛt,geboret,geboͤhrt,Bohres,bohreten,Böhrt,boͤhren,bohreſt,bohrſt,bohrteſt,bohrtet,geboͤhret,Bohrſt,borſt’,Borthen,bohr’,borꝛen,bohꝛet,Boorten,bort',Bohret"
Bühl,"beuehlen,Buͤhel,buelen,buele,bühl,Bühel,Buͤhl,Buͤhls,Bühl,Puͤhl,Buele,Buelen,Buͤhelen,Buͤhlen,Buͤhels,Bühels,buͤhl"
gähnen,"gend,gaͤhnen,gähnten,gähnt,gähnte,gähnen,gähne,gähnend,gaͤhnte,gent,Genth,gaent,Gähnt,jähnen,gegähnt,gaͤhnten,gaͤhnt,gaͤhnend,gähnet,jaͤhnen,geendt,gennt,Gaͤhnes,Gaͤhnt,gaͤhnet,Gend,gegaͤhnt,gaͤhnſt,Gähnte,gaͤhne,gaͤhneſt,gaͤhnteſt,gaͤhntet,gaͤhntſt,gähnſt,Gentt,gähnt',gegaͤhnet,geent,jaͤhnet,Gaͤhnend,Gaͤhnt’,Gaͤhn’,vergaͤhn"
Mohn,"Mohn,Mohns,Mohne,Mohnes,mohn,mohne,Mohnen,moͤhne,Moͤhn,mohnen,Mo[n,Monen,Möhn,Moͤhnen,Mohner,Mohen"
Ahle,"ahlen,Ahlen,Ahl’,Ahle,ahle,Aehle"
Bohne,"Bohnen,Bohne,Boͤhne,Böhne,Boͤhnen"
Rahmen,"Rahmen,Ramen,Rahmens,Ramens,rahm,ram,RAHMEN,rahmens"
Sehne,"Sehne,Saͤhne"
Fohlen,"Fohlen,Fohlens,Verfohlen"
Kuhle,"Kuhl,Kule,Kuhle,kůhlen,kůhle,Kulen,KUHL,Kuhlen,kule,kuhlen"
Föhn,"Fuͤhnen,Föhn,Föhne,Fühnen,Föhnes,Foͤhn,Föhns,FÖHN"
Mähne,"mene,Mähne,Mähnen,menne,Maͤhne,Menne,Maͤhnen,maͤhne,mähne,Mehne,meně,Maͤnen,Mænen,Mehnen,Maenen,Maͤne,mené,Mennaͤ,Mennæ"
ähneln,"ähnelten,ähnelt,ähneln,ähnlichte,ähnlichten,ehnlichte,ähnelte,ähnelnd,änelt,äneln,geänelt,geähnelt,aͤhnelten,aͤhneln,änelten,Aenelt,ähnlen,Aehnelt,Ähnelt,ähnele,ähnle,aͤhnlichte,aͤhnlichten,aͤhnlen,Æneld,aͤhnlicht,aͤhnelte,aͤhnelt,aͤhnelnd,ähnlicht,ähnl,geaͤhnelt,aͤhnelſt,Aehneln,Ähnl"
Sohle,"Sohlen,Sohle,Soͤhle,Söhle"
Möhre,"Moͤhrin,Moͤhren,Möhren,Möhre,Moͤren,Moeren,moͤren,moͤhren,moͤre,Muͤhren,Mören,Vermoͤhren,Möhr',Möre,mœren,Moͤhre,Moͤhr,Möhra,moͤhr,moͤhre"
dröhnen,"dröhnte,dröhnt,dröhnten,dröhnen,dröhnet,droͤnt’,droͤnte,droͤnen,droͤhnte,Dröhnt,verdröhnte,droͤhnt,droͤhnen,Droͤhnts,drönten,droͤnt,droͤnet,droͤhnten,Dröhnt's,dröhnt's,gedröhnt,Dröhnend,dröhne,droͤhnet"
Sahne,"Sahne,Sanen"
johlen,"johlend,johlten,jöhlen,johlen,johlt,joͤhlte,gejohlt,johlte,jolten,jolte"
Strähne,"Strähnen,Straͤhnen,Strehnen,Strehne,Strähne,Strähnes,Straͤhne"
hehlen,"hehle,hehl,hehlen,gehehlet,hehlte,gehelet,heelet,heppla,hehlet,gehaͤhlet,heltteſt"
Öhr,"ör,Oehr,Öhren,Ör,öhr,Öhr,Öhre,Oehre,Oehres,Oehren,Oehrs,oͤhre,Oehrens,oͤhr,Oehrn,oͤr,oͤhren,oͤhrene,zeroͤhren"
Dohle,"Dohle,Dôhl,Döhlen,Dohlen,Dohler,Dohl’,Doͤhle,dohlen"
Drohne,"Drohnen,Drohne,drohnen,Drone,Dronen,Trohne,derohne,Drône,trohne,drohne,Trohnen"
Prahm,"Präme,Prahm,Prahmen,Prahms,Prahme,Prahmens"
Wuhne,Wuhne
Gehren,"Gähren,Gaͤhren,Gehren,Gährens,geher"
Suhle,"Suhla,Suhle,Suͤhle"
Kahm,"Kahm,Kaͤhm,kahms"
Föhre,"Föhren,Föhre,Fören,Foͤhren,Foͤren,Foͤhre"
rahn,Rahn
Dohne,Dohne
Buhne,"Puhna,Buhne,Bůhne,Bůne,bunen,bune,Buhnen,buone,Bune,Bunen,buhne,buhnen"
Gehre,"Gehre,Gaͤhre"
Wuhr,"wuhr,Wuhr"
Mahr,Mahr’s
